[
  {
    "Id": "0",
    "Name": "SpriteFont+ c2Addon",
    "DevelopmentStatus": "Stable",
    "Description": "Drag & drop installer (see documentation for installation instructions).",
    "ReleasedDatge": "0001-01-01T00:00:00",
    "ModifiedDate": "2013-11-18T13:29:02.11-08:00",
    "Files": [
      {
        "Id": "286542d5-e0fa-4fa7-979b-36f18c6c1b10",
        "FileName": "spritefontplus.c2addon",
        "Url": "./0/286542d5-e0fa-4fa7-979b-36f18c6c1b10",
        "Type": "Application",
        "UploadDate": "2013-11-18T13:29:01.91-08:00"
      }
    ]
  }
]