[
  {
    "Title": "Documentation",
    "Id": "797816",
    "ParentWikiTitle": "Documentation",
    "FileExtension": "html",
    "UpdatedDate": "2013-11-18T15:12:28.423-08:00",
    "FileAttachments": [
      {
        "Id": "5100396a-3b2b-4f39-a8b9-bb542c1f5617",
        "FileName": "image_2.png",
        "DownloadUri": "./797816/5100396a-3b2b-4f39-a8b9-bb542c1f5617"
      },
      {
        "Id": "6b85e801-c588-43b5-84d8-a02a979a61d7",
        "FileName": "image_thumb.png",
        "DownloadUri": "./797816/6b85e801-c588-43b5-84d8-a02a979a61d7"
      },
      {
        "Id": "73735a73-1ec4-4b38-b56e-48f92712efa1",
        "FileName": "image_4.png",
        "DownloadUri": "./797816/73735a73-1ec4-4b38-b56e-48f92712efa1"
      },
      {
        "Id": "2b789540-1d65-474f-900c-43f4bd2f5d39",
        "FileName": "image_thumb_1.png",
        "DownloadUri": "./797816/2b789540-1d65-474f-900c-43f4bd2f5d39"
      },
      {
        "Id": "33aaa841-0b11-4f64-8ca1-ad44dd4ebe55",
        "FileName": "image_6.png",
        "DownloadUri": "./797816/33aaa841-0b11-4f64-8ca1-ad44dd4ebe55"
      },
      {
        "Id": "b8e7d4ee-6873-438b-9ef3-11a81ca21117",
        "FileName": "image_thumb_2.png",
        "DownloadUri": "./797816/b8e7d4ee-6873-438b-9ef3-11a81ca21117"
      },
      {
        "Id": "bf9a9775-5182-4cfc-b2c0-fc50cac7c5c6",
        "FileName": "image_8.png",
        "DownloadUri": "./797816/bf9a9775-5182-4cfc-b2c0-fc50cac7c5c6"
      },
      {
        "Id": "265590b0-3027-41fd-832e-424fd6ca039d",
        "FileName": "image_thumb_3.png",
        "DownloadUri": "./797816/265590b0-3027-41fd-832e-424fd6ca039d"
      },
      {
        "Id": "b0f3137e-fb35-48bb-bb38-012840972331",
        "FileName": "image_10.png",
        "DownloadUri": "./797816/b0f3137e-fb35-48bb-bb38-012840972331"
      },
      {
        "Id": "dfa5f9c8-116e-462c-8876-6c600e98f0bb",
        "FileName": "image_thumb_4.png",
        "DownloadUri": "./797816/dfa5f9c8-116e-462c-8876-6c600e98f0bb"
      },
      {
        "Id": "10d5f790-0504-44e0-a2b8-9ae6670ffb31",
        "FileName": "image_12.png",
        "DownloadUri": "./797816/10d5f790-0504-44e0-a2b8-9ae6670ffb31"
      },
      {
        "Id": "74eba0bd-aa27-4c39-8d59-a6176eb77362",
        "FileName": "image_thumb_5.png",
        "DownloadUri": "./797816/74eba0bd-aa27-4c39-8d59-a6176eb77362"
      },
      {
        "Id": "fdc04173-5dc3-4bed-af9e-001f8d5c3edb",
        "FileName": "image_14.png",
        "DownloadUri": "./797816/fdc04173-5dc3-4bed-af9e-001f8d5c3edb"
      },
      {
        "Id": "d19ca072-0714-4e50-a775-794b0b0bb6ad",
        "FileName": "image_thumb_6.png",
        "DownloadUri": "./797816/d19ca072-0714-4e50-a775-794b0b0bb6ad"
      },
      {
        "Id": "ba582db9-380a-4098-a6b8-8f57459458f3",
        "FileName": "image_2.png",
        "DownloadUri": "./797816/ba582db9-380a-4098-a6b8-8f57459458f3"
      },
      {
        "Id": "d2fbaa84-64aa-46a4-9fc3-2eff86d1c3c9",
        "FileName": "image_thumb.png",
        "DownloadUri": "./797816/d2fbaa84-64aa-46a4-9fc3-2eff86d1c3c9"
      },
      {
        "Id": "cf110475-c815-4f91-adec-6bec7fb65f94",
        "FileName": "image_6.png",
        "DownloadUri": "./797816/cf110475-c815-4f91-adec-6bec7fb65f94"
      },
      {
        "Id": "7cc52963-a58b-45cf-8e11-3e3e5e4c26a4",
        "FileName": "image_thumb_2.png",
        "DownloadUri": "./797816/7cc52963-a58b-45cf-8e11-3e3e5e4c26a4"
      },
      {
        "Id": "b3062001-2283-46f7-89c2-753cf8470abd",
        "FileName": "image_8.png",
        "DownloadUri": "./797816/b3062001-2283-46f7-89c2-753cf8470abd"
      },
      {
        "Id": "12bb4d2c-b726-4cfd-af6f-61626f87e3d2",
        "FileName": "image_thumb_3.png",
        "DownloadUri": "./797816/12bb4d2c-b726-4cfd-af6f-61626f87e3d2"
      },
      {
        "Id": "317634cd-34de-4bfa-a93d-b366284628f4",
        "FileName": "image_10.png",
        "DownloadUri": "./797816/317634cd-34de-4bfa-a93d-b366284628f4"
      },
      {
        "Id": "5ef7d89f-5cd4-4fb4-a30f-9a39337a1c02",
        "FileName": "image_thumb_4.png",
        "DownloadUri": "./797816/5ef7d89f-5cd4-4fb4-a30f-9a39337a1c02"
      },
      {
        "Id": "858eb510-1fe8-4885-ac5c-4e1dbb244829",
        "FileName": "image_14.png",
        "DownloadUri": "./797816/858eb510-1fe8-4885-ac5c-4e1dbb244829"
      },
      {
        "Id": "f26959e8-4d56-493c-bc03-ab11142e2309",
        "FileName": "image_thumb_6.png",
        "DownloadUri": "./797816/f26959e8-4d56-493c-bc03-ab11142e2309"
      }
    ]
  },
  {
    "Title": "Home",
    "Id": "797813",
    "ParentWikiTitle": "Home",
    "FileExtension": "html",
    "UpdatedDate": "2013-11-18T14:51:59.183-08:00",
    "FileAttachments": [
      {
        "Id": "a8359a5e-2bdc-4875-972f-5411e235d3fd",
        "FileName": "image_thumb23_2.png",
        "DownloadUri": "./797813/a8359a5e-2bdc-4875-972f-5411e235d3fd"
      },
      {
        "Id": "2fb32fc3-2d25-4761-8e83-c0f92060ccae",
        "FileName": "image_thumb23_thumb.png",
        "DownloadUri": "./797813/2fb32fc3-2d25-4761-8e83-c0f92060ccae"
      }
    ]
  },
  {
    "Title": "Installation",
    "Id": "797791",
    "ParentWikiTitle": "Home",
    "FileExtension": "html",
    "UpdatedDate": "2013-11-18T13:42:42.64-08:00",
    "FileAttachments": [
      {
        "Id": "f6b3c9b1-02fa-4931-8fc7-524af8ac7ee4",
        "FileName": "image_2.png",
        "DownloadUri": "./797791/f6b3c9b1-02fa-4931-8fc7-524af8ac7ee4"
      },
      {
        "Id": "dad6de9b-0e2a-4e52-9d82-c436e7025957",
        "FileName": "image_thumb.png",
        "DownloadUri": "./797791/dad6de9b-0e2a-4e52-9d82-c436e7025957"
      },
      {
        "Id": "bf63a0c3-af05-4033-aa9b-c6df02b4da2b",
        "FileName": "image_4.png",
        "DownloadUri": "./797791/bf63a0c3-af05-4033-aa9b-c6df02b4da2b"
      },
      {
        "Id": "b28e97a0-4cb3-4365-bca7-a8e2218f269b",
        "FileName": "image_thumb_1.png",
        "DownloadUri": "./797791/b28e97a0-4cb3-4365-bca7-a8e2218f269b"
      },
      {
        "Id": "8e4fb326-91d5-4ba2-aa18-0795105b9d95",
        "FileName": "image_6.png",
        "DownloadUri": "./797791/8e4fb326-91d5-4ba2-aa18-0795105b9d95"
      },
      {
        "Id": "20c81f66-28c9-42ec-81e8-7c5a0805b8f0",
        "FileName": "image_thumb_2.png",
        "DownloadUri": "./797791/20c81f66-28c9-42ec-81e8-7c5a0805b8f0"
      }
    ]
  }
]
